QDX4955,Maggie,Boyle,1979-09-12,FEMALE,Yes
ECP7715,Faith,Greene,1972-05-31,MALE,Yes
ZIK8925,Lacey,Robertson,1944-10-07,FEMALE,Yes
LTS6784,Derek,Olsen,1983-03-31,MALE,Yes
HGM6173,Brynn,Oneal,1976-05-21,MALE,Yes
CEV6132,Donna,Ballard,1958-08-16,FEMALE,No
PGJ7161,Jane,Colon,1972-06-07,FEMALE,Yes
NKX8076,Alfonso,Stephens,1980-08-29,MALE,Yes
MXC8908,Quinn,Wood,1975-07-24,FEMALE,Yes
NTQ8299,Isabelle,Lang,1958-12-10,FEMALE,Yes
QNE4372,Olympia,Reynolds,2006-10-06,FEMALE,Yes
GIR5104,Lee,Swanson,1964-05-27,MALE,Yes
XKD2272,Caryn,Huber,1984-08-29,MALE,Yes
DVX6602,Xerxes,Morales,2006-07-19,FEMALE,Yes
JIB5920,Graiden,Alexander,1968-10-24,MALE,Yes
YCX9278,Dahlia,Boone,2002-05-01,MALE,Yes
LMV5416,Fredericka,Rivers,1979-01-30,FEMALE,Yes
YBB1095,Hadassah,Dyer,1968-10-01,MALE,Yes
TBC7855,Kaye,Crosby,1944-06-20,FEMALE,Yes
SXL9274,Mariam,Fitzgerald,1957-06-28,MALE,Yes
AUX6004,Dominique,Williamson,1973-09-11,MALE,Yes
SEO7156,Isadora,Leach,2007-05-16,MALE,Yes
XUA5670,Walter,Riggs,1966-12-06,FEMALE,Yes
GMC9989,Lacota,Peterson,2004-04-03,MALE,Yes
SHN9256,Wendy,Lester,1978-04-30,FEMALE,Yes
XSI7349,Nigel,Yang,2004-05-22,FEMALE,Yes
NHK9888,Quamar,Kelley,2007-05-07,MALE,Yes
NCR0550,Carl,Frye,1948-12-05,MALE,Yes
CNF6489,Rama,Lambert,1958-03-15,FEMALE,Yes
MSC5721,Tallulah,Woodard,1944-04-16,MALE,Yes
VWH6907,Jaden,Boyle,1962-02-05,FEMALE,Yes
GOZ3094,Boris,Whitley,1946-07-08,FEMALE,Yes
CMZ6415,Maris,Golden,2004-04-15,MALE,Yes
TNH6480,Maxine,Burks,2004-07-22,FEMALE,Yes
QIJ3412,Ora,David,1974-01-12,MALE,Yes
BAK4481,Wynter,Baxter,2003-03-23,MALE,Yes
CBD3031,Chastity,Collier,1970-03-19,FEMALE,Yes
BBB5629,Eric,Buck,1967-02-28,FEMALE,Yes
SYK7786,Kay,Young,1949-05-21,Male,Yes
ODR2838,Daryl,Hill,1959-05-08,MALE,Yes
KDD9523,Melanie,Haney,1965-11-10,MALE,Yes
ASD4088,Quinn,Roach,2016-06-29,FEMALE,Yes
GIQ8970,Felicia,Walls,1975-06-06,MALE,Yes
GEK5713,Hall,Tucker,2005-05-09,MALE,Yes
TGS0798,Ignacia,Chandler,1946-07-09,FEMALE,Yes
CYC0720,Galvin,Morris,1968-04-05,FEMALE,Yes
SMH8891,Aspen,Mcgee,1980-11-23,MALE,Yes
FBG1062,Forrest,Potts,1964-05-09,MALE,Yes
XKX1957,Daquan,Nichols,2002-02-26,FEMALE,Yes
AFH7245,Cameran,Ellis,2003-04-15,FEMALE,Yes
TXP4069,Barrett,Reid,2004-02-08,OTHER,Yes
MRL3058,Tyrone,Ballard,1946-05-14,FEMALE,Yes
FVL8648,Hammett,Irwin,1975-03-29,MALE,Yes
GKY3212,Eagan,Brooks,2007-12-17,MALE,No
ETV6899,Chiquita,Ball,1964-06-02,FEMALE,Yes
XKD2272,Caryn,Huber,1984-08-29,MALE,Yes
VFY9388,Eric,Frye,1957-10-04,FEMALE,Yes
JBK3991,Summer,Walters,1983-02-25,FEMALE,Yes
ZYF6173,Madaline,Henderson,1947-12-20,FEMALE,Yes
VSV3481,Jaime,Duffy,1967-07-18,FEMALE,Yes
MHR6896,Ruby,James,1957-06-05,FEMALE,Yes
YDV0095,Brian,Shannon,1946-10-05,FEMALE,Yes
BDF4913,Gay,Mueller,1975-11-14,MALE,Yes
IWU6403,Jonas,Gamble,2005-08-13,FEMALE,Yes
BVF7686,Francis,Woods,2005-10-19,FEMALE,Yes
RIQ9260,Penelope,Sanchez,1965-10-25,MALE,Yes
MMH2864,Quentin,Guzman,1972-09-29,MALE,Yes
RWT4192,Patricia,Higgins,1977-12-09,FEMALE,Yes
CYZ8554,Brent,Lindsay,1944-09-06,MALE,Yes
YBS8538,Dale,White,1985-07-22,MALE,Yes
VZQ5362,Warren,Stokes,1947-03-24,FEMALE,Yes
CST7448,Howard,Molina,1970-06-27,FEMALE,Yes
NWM8466,Cairo,Hopkins,2002-10-28,FEMALE,Yes
LQI3268,Stacey,Kirk,1959-02-27,FEMALE,Yes
LFV3925,Caldwell,Gould,1962-01-01,MALE,Yes
WHU5837,Edan,Olsen,1943-10-11,MALE,Yes
ABR7945,Barry,Parker,1970-05-26,FEMALE,Yes
PLL2090,Quinn,Nicholson,1972-05-09,FEMALE,Yes
MFO6152,Tucker,Combs,2003-04-24,FEMALE,Yes
SYK7786,Kay,Young,1949-05-21,FEMALE,Yes
TWT8902,Xantha,Huber,1961-12-18,FEMALE,Yes
WHL2345,Breanna,Vaughn,1967-05-06,MALE,Yes
WSU4675,Justine,Dean,1982-10-11,FEMALE,Yes
OBR6693,Uriah,Turner,1970-08-11,FEMALE,Yes
DPB3234,Idola,Barlow,1946-09-07,FEMALE,Yes
YSN6005,Melodie,Paul,1964-12-01,FEMALE,Yes
FDM8849,Yuli,Frank,2007-05-31,MALE,Yes
FQI2958,Christine,Olsen,2003-03-26,OTHER,Yes
AFC3291,Cadman,Porter,1968-05-25,MALE,Yes
OJC2233,Molly,Haney,1969-07-19,MALE,Yes
NPF7673,Alana,Lucas,2005-07-25,FEMALE,Yes
ISJ1177,Armando,Moran,1972-01-12,FEMALE,Yes
GDR6737,Oscar,Crane,2003-12-14,FEMALE,Yes
STU8856,Summer,Thomas,1951-08-09,FEMALE,Yes
GKY3212,Eagan,Brooks,2007-12-17,MALE,Yes
CLZ1078,Joy,Walters,1972-08-16,MALE,Yes
PZD7227,Hoyt,Hester,1964-10-20,FEMALE,Yes
CCB6831,Duncan,Lucas,1955-10-19,FEMALE,Yes
IXF4149,Valentine,Moran,1964-04-26,FEMALE,Yes
NIV5772,Alan,Peterson,1957-09-29,FEMALE,Yes
